Erythrobacteraceae_bacterium_HL-111_KPP91129.1 proteobacteria_Erythrobacteraceae_bacterium_HL-111
Phormidesmis_priestleyi_Ana_KPQ35081.1	cyanobacteria_Phormidesmis_priestleyi_Ana
Porphyrobacter_dokdonensis_WP_068863292.1	proteobacteria_Porphyrobacter_dokdonensis
Hapalosiphon_sp._MRB220_WP_053457067.1	cyanobacteria_Hapalosiphon_sp._MRB220
Phormidium_sp._OSCR_KPQ38664.1	cyanobacteria_Phormidium_sp._OSCR
Manihot_esculenta_OAY54929.1	plant_Manihot_esculenta
Erythrobacter_sp._SCN_62-14_ODS93018.1	proteobacteria_Erythrobacter_sp._SCN_62-14
Sandarakinorhabdus_sp._AAP62_WP_020480449.1	proteobacteria_Sandarakinorhabdus_sp._AAP62
Planktothricoides_sp._SR001_WP_054464488.1	cyanobacteria_Planktothricoides_sp._SR001
Acidiphilium_rubrum_ATCC_35905_2681882064_proteo	proteobacteria_Acidiphilium_rubrum_ATCC_35905
Sphingomonadales_sp._genome_bin_49_Ga0077557_2624442664_proteo	proteobacteria_Sphingomonadales_sp._genome_bin_49
Loktanella_fryxellensis_DSM_16213_2623288000_proteo	proteobacteria_Loktanella_fryxellensis_DSM_16213
Porphyrobacter_sanguineus_DSM_11032_2583133031_proteo	proteobacteria_Porphyrobacter_sanguineus_DSM_11032
Acaryochloris_marina_WP_012161777.1	cyanobacteria_Acaryochloris_marina
Acaryochloris_sp._CCMEE_5410_WP_010471703.1	cyanobacteria_Acaryochloris_sp._CCMEE_5410
Acidiphilium_angustum_ATCC_35903_WP_029314395	proteobacteria_Acidiphilium_angustum
Actinoplanes_sp._N902109-SDR_N902109_WP_041832207	actinobacteria_Actinoplanes_sp._N902-109-SDR
Aegilops_tauschii_EMT17316.1	plant_Aegilops_tauschii
Alexandrium_tamarense_CCMP1771_CAMPEP_0116198620	algae_Alexandrium_tamarense_1
Alexandrium_tamarense_CCMP1771_CAMPEP_0116262482	algae_Alexandrium_tamarense_2
Alexandrium_tamarense_CCMP1771_CAMPEP_0116383026	algae_Alexandrium_tamarense_3
Amborella_trichopoda_XP_006827825.1	plant_Amborella_trichopoda
Amorphochlora_amoebiformis_CCMP2058_CAMPEP_0118603732	algae_Amorphochlora_amoebiformis
Amphiprora_paludosa-Amphiprora_sp._CCMP467_CAMPEP_0168721130	algae_Amphiprora_sp._CCMP467_2
Amphiprora_paludosa-Amphiprora_sp._CCMP467_CAMPEP_0168735950	algae_Amphiprora_sp._CCMP467_1
Anabaena_cylindrica_PCC_7122_WP_015212876.1	cyanobacteria_Anabaena_cylindrica_PCC_7122
Anabaena_sp._90_WP_015078463.1	cyanobacteria_Anabaena_sp._90
Anabaena_variabilis_ATCC_29413_ABA19920.1	cyanobacteria_Anabaena_variabilis_ATCC_29413
Ankylochrysis_lutea_AJA04991.1	algae_Ankylochrysis_lutea_2
Ankylochrysis_lutea_AJA04992.1	algae_Ankylochrysis_lutea_1
Aphanizomenon_flos-aquae_WP_027401313.1	cyanobacteria_Aphanizomenon_flos-aquae
Aphanocapsa_montana_BDHKU210001_KIF16317.1	cyanobacteria_Aphanocapsa_montana_BDHKU210001
Arabidopsis_lyrata_subsp._lyrata_XP_002862155.1	plant_Arabidopsis_lyrata_subsp._lyrata
Arabidopsis_thaliana-PORA_NP200230	plant_Arabidopsis_thaliana-PORA
Arabidopsis_thaliana-PORB_NP194474	plant_Arabidopsis_thaliana-PORB
Arabidopsis_thaliana-PORC_NP171860	plant_Arabidopsis_thaliana-PORC
Arabis_alpina_KFK27036.1	plant_Arabis_alpina_2
Arabis_alpina_KFK42711.1	plant_Arabis_alpina_1
Arthrospira_maxima_CS-328_EDZ94147.1	cyanobacteria_Arthrospira_maxima_CS-328
Arthrospira_platensis_WP_006619211.1	cyanobacteria_Arthrospira_platensis
Asterionellopsis_glacialis_AJA04988.1	algae_Asterionellopsis_glacialis_2
Asterionellopsis_glacialis_AJA04989.1	algae_Asterionellopsis_glacialis_1
Astrosyne_radiata_13vi08-1A_CAMPEP_0116827642	algae_Astrosyne_radiata_2
Astrosyne_radiata_13vi08-1A_CAMPEP_0116832798	algae_Astrosyne_radiata_1
Aureococcus_anophagefferens_CCMP1850_CAMPEP_0168899492	algae_Aureococcus_anophagefferens_1
Aureococcus_anophagefferens_CCMP1850_CAMPEP_0168937666	algae_Aureococcus_anophagefferens_2
Aureoumbra_lagunensis_CCMP1510_CAMPEP_0197288796	algae_Aureoumbra_lagunensis
Auxenochlorella_protothecoides_XP_011398035.1	algae_Auxenochlorella_protothecoides
Avena_sativa_P15904	plant_Avena_sativa
Beta_vulgaris_subsp._vulgaris_XP_010675628.1	plant_Beta_vulgaris_subsp._vulgaris_2
Beta_vulgaris_subsp._vulgaris_XP_010689680.1	plant_Beta_vulgaris_subsp._vulgaris_1
Bigelowiella_natans_CCMP2755_CAMPEP_0114183688	algae_Bigelowiella_natans_CCMP2755_2
Bigelowiella_natans_CCMP2755_CAMPEP_0114186016	algae_Bigelowiella_natans_CCMP2755_3
Bigelowiella_natans_CCMP2755_CAMPEP_0114195208	algae_Bigelowiella_natans_CCMP2755_1
Bolidomonas_pacifica_CCMP_1866_CAMPEP_0118644366	algae_Bolidomonas_pacifica_2
Bolidomonas_pacifica_CCMP_1866_CAMPEP_0118655930	algae_Bolidomonas_pacifica_1
Brachypodium_distachyon_XP_003570527.1	plant_Brachypodium_distachyon_1
Brachypodium_distachyon_XP_010240614.1	plant_Brachypodium_distachyon_2
Brassica_napus_CDX89877.1	plant_Brassica_napus_1
Brassica_napus_CDX98171.1	plant_Brassica_napus_2
Brassica_napus_CDY29840.1	plant_Brassica_napus_3
Brassica_rapa_XP_009119523.1	plant_Brassica_rapa_1
Brassica_rapa_XP_009119954.1	plant_Brassica_rapa_2
Brassica_rapa_XP_009137660.1	plant_Brassica_rapa_3
Calcidiscus_leptoporus_RCC1130_CAMPEP_0119354418	algae_Calcidiscus_leptoporus_1
Calcidiscus_leptoporus_RCC1130_CAMPEP_0119401546	algae_Calcidiscus_leptoporus_2
Calliarthron_tuberculosum_IDg6411t1	algae_Calliarthron_tuberculosum
Calothrix_parietina_WP_015196951.1	cyanobacteria_Calothrix_parietina
Calothrix_sp._336	cyanobacteria_Calothrix_sp._336
Calothrix_sp._PCC_7103_WP_019489754.1	cyanobacteria_Calothrix_sp._PCC_7103
Calothrix_sp._PCC_7507_WP_015127231.1	cyanobacteria_Calothrix_sp._PCC_7507
Camelina_sativa_XP_010448134.1	plant_Camelina_sativa_3
Camelina_sativa_XP_010482352.1	plant_Camelina_sativa_1
Camelina_sativa_XP_010482828.1	plant_Camelina_sativa_2
Candidatus_Synechococcus_spongiarum_15L_KKZ13671	cyanobacteria_Candidatus_Synechococcus_spongiarum
Capsella_rubella_XP_006280542.1	plant_Capsella_rubella_2
Capsella_rubella_XP_006283860.1	plant_Capsella_rubella_3
Capsella_rubella_XP_006307714.1	plant_Capsella_rubella_1
Chaetoceros_cf._neogracile_RCC1993_CAMPEP_0119443370	algae_Chaetoceros_cf._neogracile_2
Chaetoceros_cf._neogracile_RCC1993_CAMPEP_0119452214	algae_Chaetoceros_cf._neogracile_1
Chamaesiphon_minutus_PCC_6605_WP_015162677.1	cyanobacteria_Chamaesiphon_minutus_PCC_6605
Chattonella_subsalsa_CCMP2191_CAMPEP_0117746052	algae_Chattonella_subsalsa
Chlamydomonas_reinhardtii_CC503_cw92_mt__Q39617	algae_Chlamydomonas_reinhardtii
Chlamydomonas_sp._CCMP681_CAMPEP_0119107438	algae_Chlamydomonas_sp._CCMP681
Chlorarachnion_reptans_CCCM449_CAMPEP_0114522438	algae_Chlorarachnion_reptans
Chlorella_variabilis_EFN51798.1	algae_Chlorella_variabilis
Chlorogloeopsis_fritschii_PCC_9212_WP_026087732.1	cyanobacteria_Chlorogloeopsis_fritschii_PCC_9212
Chondrus_crispus_XP_005712307.1	algae_Chondrus_crispus
Chorispora_bungeana_ACJ12925.1	plant_Chorispora_bungeana
Chromulina_nebulosa_UTEXLB2642_CAMPEP_0196765140	algae_Chromulina_nebulosa
Chroococcidiopsis_thermalis_PCC_7203_WP_015156306.1	cyanobacteria_Chroococcidiopsis_thermalis_PCC_7203
Chroomonas_mesostigmatica_cf_CCMP1168_CAMPEP_0206227032	algae_Chroomonas_cf._mesostigmatica_1
Chroomonas_mesostigmatica_cf_CCMP1168_CAMPEP_0206240558	algae_Chroomonas_cf._mesostigmatica_2
Prymnesium_polylepis-syn-Chrysochromulina_polylepis_UIO037_CAMPEP_0115787264	algae_Chrysochromulina_polylepis_2
Prymnesium_polylepis-syn-Chrysochromulina_polylepis_UIO037_CAMPEP_0115793924	algae_Chrysochromulina_polylepis_1
Chrysochromulina_rotalis_UIO044_CAMPEP_0115846658	algae_Chrysochromulina_rotalis_1
Chrysochromulina_rotalis_UIO044_CAMPEP_0115846870	algae_Chrysochromulina_rotalis_2
Chrysochromulina_sp._CCMP291_AJA04993.1	algae_Chrysochromulina_sp._CCMP291_2
Chrysochromulina_sp._CCMP291_AJA04994.1	algae_Chrysochromulina_sp._CCMP291_1
Chrysoculter_rhomboideus_RCC1486_CAMPEP_0119410304	algae_Chrysoculter_rhomboideus_1
Chrysoculter_rhomboideus_RCC1486_CAMPEP_0119419746	algae_Chrysoculter_rhomboideus_2
Chrysocystis_fragilis_CCMP3189_CAMPEP_0197386858	algae_Chrysocystis_fragilis
Chrysoreinhardia_giraudii-Chrysoreinhardia_sp_CCMP3193_CAMPEP_0118894084	algae_Chrysoreinhardia_sp._CCMP3193_2
Chrysoreinhardia_giraudii-Chrysoreinhardia_sp_CCMP3193_CAMPEP_0118895622	algae_Chrysoreinhardia_sp._CCMP3193_1
Cicer_arietinum_XP_004487684.1	plant_Cicer_arietinum
Citrus_clementina_XP_006451927.1	plant_Citrus_clementina
Citrus_sinensis_XP_006464717.1	plant_Citrus_sinensis
Coccomyxa_subellipsoidea_C-169_XP_005649459.1	algae_Coccomyxa_subellipsoidea_C-169
Coffea_canephora_CDP05887.1	plant_Coffea_canephora_2
Coffea_canephora_CDP14753.1	plant_Coffea_canephora_1
Coleofasciculus_chthonoplastes_WP_006105664.1	cyanobacteria_Coleofasciculus_chthonoplastes
Corethron_hystrix_308_CAMPEP_0113301228	algae_Corethron_hystrix_2
Corethron_hystrix_308_CAMPEP_0113302768	algae_Corethron_hystrix_1
Crinalium_epipsammum_WP_015202674.1	cyanobacteria_Crinalium_epipsammum
Crocosphaera_watsonii_WH_8502_WP_007306694.1	cyanobacteria_Crocosphaera_watsonii
Cryptomonas_curvata_CCAP979_CAMPEP_0172173342	algae_Cryptomonas_curvata
Cucumis_melo_XP_008448267.1	plant_Cucumis_melo
Cucumis_sativus_Q41249	plant_Cucumis_sativus
Cyanidioschyzon_merolae_10D_XP_005535527.1	algae_Cyanidioschyzon_merolae_strain_10D
Cyanobacterium_aponinum_PCC_10605_WP_015218071.1	cyanobacteria_Cyanobacterium_aponinum
cyanobacterium_PCC_7702_WP_017321331.1	cyanobacteria_cyanobacterium_PCC_7702
Cyanobacterium_stanieri_PCC_7202_AFZ48816.1	cyanobacteria_Cyanobacterium_stanieri_PCC_7202
Cyanobium_gracile_PCC_6307_AFY27247.1	cyanobacteria_Cyanobium_gracile_PCC_6307
Cyanobium_sp._PCC_7001_EDY38066.1	cyanobacteria_Cyanobium_sp._PCC_7001
Cyanobium_sp._CACIAM_14_KEF43183.1	cyanobacteria_Cyanobium_sp._CACIAM_14
Cyanophora_paradoxa_CCMP329_contig6776	algae_Cyanophora_paradoxa
Cyanothece_WP_009546812.1	cyanobacteria_Cyanothece_sp._ATCC 51142
Cyanothece_sp._PCC_7424_WP_015956903.1	cyanobacteria_Cyanothece_sp._PCC_7424
Cyclophora_tenuis_ECT3854_CAMPEP_0116564660	algae_Cyclophora_tenuis_1
Cyclophora_tenuis_ECT3854_CAMPEP_0116567338	algae_Cyclophora_tenuis_2
Cylindrospermopsis_raciborskii_CS-505_EFA68639.1	cyanobacteria_Cylindrospermopsis_raciborskii_CS-505
Cylindrospermum_stagnale_PCC_7417_WP_015205922.1	cyanobacteria_Cylindrospermum_stagnale_PCC_7417
Cylindrotheca_closterium_CAMPEP_0113624412	algae_Cylindrotheca_closterium_1
Cylindrotheca_closterium_CAMPEP_0113636424	algae_Cylindrotheca_closterium_2
Dactylococcopsis_salina_PCC_8305_WP_015229368.1	cyanobacteria_Dactylococcopsis_salina
Daucus_carota_Q9SDT1	plant_Daucus_carota
Dictyocha_speculum_CCMP1381_CAMPEP_0185755778	algae_Dictyocha_speculum_2
Dictyocha_speculum_CCMP1381_CAMPEP_0185766260	algae_Dictyocha_speculum_1
Dinobryon_cylindricum-Dinobryon_sp._UTEXLB2267_CAMPEP_0170103954	algae_Dinobryon_sp._UTEXLB2267
Dinoroseobacter_shibae_DFL12_WP_012187437	proteobacteria_Dinoroseobacter_shibae
Dolichospermum_circinale_WP_028085389.1	cyanobacteria_Dolichospermum_circinale
Ectocarpus_siliculosus_CBN79181.1	algae_Ectocarpus_siliculosus
Elaeis_guineensis_XP_010918444.1	plant_Elaeis_guineensis
Emiliania_huxleyi_CCMP1516_XP_005784495.1	algae_Emiliania_huxleyi_CCMP1516
Erythranthe_guttata_EYU26149.1	plant_Erythranthe_guttata_1
Erythranthe_guttata_EYU26401.1	plant_Erythranthe_guttata_2
Erythrobacter_litoralis_DSM_8509_KEO90002	proteobacteria_Erythrobacter_litoralis
Eucalyptus_grandis_XP_010051786.1	plant_Eucalyptus_grandis_1
Eucalyptus_grandis_XP_010060532.1	plant_Eucalyptus_grandis_2
Eustigmatos_magnus_AJA04986.1	algae_Eustigmatos_magnus
Eutrema_salsugineum_XP_006413074.1	plant_Eutrema_salsugineum_2
Eutrema_salsugineum_XP_006418218.1	plant_Eutrema_salsugineum_1
Eutreptiella_gymnastica_CAMPEP_0113741178	algae_Eutreptiella_gymnastica
Exanthemachrysis_gayraliae_RCC1523_CAMPEP_0206001598	algae_Exanthemachrysis_gayraliae_1
Exanthemachrysis_gayraliae_RCC1523_CAMPEP_0206010660	algae_Exanthemachrysis_gayraliae_2
Fibrocapsa_japonica_CAMPEP_0113933990	algae_Fibrocapsa_japonica_2
Fibrocapsa_japonica_CAMPEP_0113945080	algae_Fibrocapsa_japonica_1
filamentous_cyanobacterium_ESFC-1_WP_018398167.1	cyanobacteria_filamentous_cyanobacterium_ESFC-1
Fischerella_muscicola_WP_016860488.1	cyanobacteria_Fischerella_muscicola
Fischerella_sp._JSC-11_EHC10076.1	cyanobacteria_Fischerella_sp._JSC-11
Florenciella_parvula_CCMP2471_CAMPEP_0119505726	algae_Florenciella_parvula_2
Florenciella_parvula_CCMP2471_CAMPEP_0119543380	algae_Florenciella_parvula_1
Fragaria_vesca_subsp._vesca_XP_004291662.1	plant_Fragaria_vesca_subsp._vesca
Fragilariopsis_cylindrus_JGI_188173	algae_Fragilariopsis_cylindrus_2
Fragilariopsis_cylindrus_JGI_267731	algae_Fragilariopsis_cylindrus_1
Tolypothrix_sp._PCC_7601-Fremyella_diplosiphon_Fd33_ABX79350.1	cyanobacteria_Fremyella_diplosiphon_Fd33
Geitlerinema_sp._PCC_7105_WP_017658553.1	cyanobacteria_Geitlerinema_sp._PCC_7105
Geitlerinema_sp._PCC_7407_WP_015171826.1	cyanobacteria_Geitlerinema_sp._PCC_7407
Geminigera_cryophila_CCMP2564_CAMPEP_0179444846	algae_Geminigera_cryophila_1
Geminigera_cryophila_CCMP2564_CAMPEP_0179455852	algae_Geminigera_cryophila_2
Geminocystis_herdmanii_PCC_6308_WP_017294637.1	cyanobacteria_Geminocystis_herdmanii
Geminocystis_sp._NIES-3708_BAQ59706.1	cyanobacteria_Geminocystis_sp._NIES-3708
Geminocystis_sp._NIES-3709_BAQ63344.1	cyanobacteria_Geminocystis_sp._NIES-3709
Genlisea_aurea_EPS66694.1	plant_Genlisea_aurea_1
Genlisea_aurea_EPS73076.1	plant_Genlisea_aurea_2
Gephyrocapsa_oceanica_RCC1303_CAMPEP_0185305440	algae_Gephyrocapsa_oceanica_1
Gephyrocapsa_oceanica_RCC1303_CAMPEP_0185532264	algae_Gephyrocapsa_oceanica_2
Glenodinium_inaequale-Glenodinium_foliaceum_CCAP_1116_CAMPEP_0167842374	algae_Glenodinium_foliaceum_1
Glenodinium_inaequale-Glenodinium_foliaceum_CCAP_1116_CAMPEP_0167871202	algae_Glenodinium_foliaceum_2
Gloeobacter_violaceus_PCC_7421_NP_925432	cyanobacteria_Gloeobacter_violaceus_PCC_7421
Gloeocapsa_sp._PCC_73106_WP_006530787.1	cyanobacteria_Gloeocapsa_sp._PCC_73106
Gloeocapsa_sp._PCC_7428_WP_015187889.1	cyanobacteria_Gloeocapsa_sp._PCC_7428
Glycine_soja_KHN28042.1	plant_Glycine_soja_2
Glycine_soja_KHN37163.1	plant_Glycine_soja_1
Gossypium_arboreum_KHG29203.1	plant_Gossypium_arboreum
Gossypium_raimondii_KJB77300.1	plant_Gossypium_raimondii_1
Gossypium_raimondii_KJB81921.1	plant_Gossypium_raimondii_2
Guillardia_theta_CCMP2712_XP_005836772.1	algae_Guillardia_theta_CCMP2712_1
Guillardia_theta_CCMP2712_XP_005836929.1	algae_Guillardia_theta_CCMP2712_2
Gymnochlora_stellata-Gymnochlora_sp._CCMP2014_CAMPEP_0167754710	algae_Gymnochlora_sp._CCMP2014_1
Gymnochlora_stellata-Gymnochlora_sp._CCMP2014_CAMPEP_0167770292	algae_Gymnochlora_sp._CCMP2014_2
Gymnodinium_catenatum_GC744_CAMPEP_0117461206	algae_Gymnodinium_catenatum_3
Gymnodinium_catenatum_GC744_CAMPEP_0117575528	algae_Gymnodinium_catenatum_1
Gymnodinium_catenatum_GC744_CAMPEP_0117608140	algae_Gymnodinium_catenatum_2
Halothece_sp._PCC_7418_WP_015224555.1	cyanobacteria_Halothece_sp._PCC_7418
Hanusia_phi_CCMP325_CAMPEP_0169524018	algae_Hanusia_phi
Hassallia_byssoidea_WP_039742962.1	cyanobacteria_Hassallia_byssoidea
Hemiselmis_andersenii_CCMP1180_CAMPEP_0169441310	algae_Hemiselmis_andersenii_2
Hemiselmis_andersenii_CCMP1180_CAMPEP_0169448160	algae_Hemiselmis_andersenii_1
Heterocapsa_rotundata_SCCAP_K-0483_CAMPEP_0168641362	algae_Heterocapsa_rotundata_2
Heterocapsa_rotundata_SCCAP_K-0483_CAMPEP_0168703282	algae_Heterocapsa_rotundata_1
Heterosigma_akashiwo_CCMP3107_CAMPEP_0116623340	algae_Heterosigma_akashiwo_1
Heterosigma_akashiwo_CCMP3107_CAMPEP_0116656884	algae_Heterosigma_akashiwo_2
Hordeum_vulgare-PORA_P13653	plant_Hordeum_vulgare-PORA
Hordeum_vulgare-PORB_Q42850	plant_Hordeum_vulgare-PORB
Imantonia_sp._RCC918_CAMPEP_0206156796	algae_Imantonia_sp._RCC918_3
Imantonia_sp._RCC918_CAMPEP_0206163726	algae_Imantonia_sp._RCC918_1
Imantonia_sp._RCC918_CAMPEP_0206179854	algae_Imantonia_sp._RCC918_2
Isochrysis_galbana_CCMP1323_CAMPEP_0179807554	algae_Isochrysis_galbana_2
Isochrysis_galbana_CCMP1323_CAMPEP_0179807664	algae_Isochrysis_galbana_1
Isochrysis_sp._CCMP1244_CAMPEP_0196688104	algae_Isochrysis_sp._CCMP1244_1
Isochrysis_sp._CCMP1244_CAMPEP_0196714200	algae_Isochrysis_sp._CCMP1244_2
Isochrysis_sp._CCMP1324_CAMPEP_0185058376	algae_Isochrysis_sp._CCMP1324_1
Isochrysis_sp._CCMP1324_CAMPEP_0185136414	algae_Isochrysis_sp._CCMP1324_2
Isoptericola_variabilis_225-SDR_225_WP_013838847	actinobacteria_Isoptericola_variabilis_225-SDR
Jatropha_curcas_XP_012084920.1	plant_Jatropha_curcas_2
Jatropha_curcas_XP_012088312.1	plant_Jatropha_curcas_1
Karenia_brevis_Wilson_CAMPEP_0114874700	algae_Karenia_brevis_1
Karenia_brevis_Wilson_CAMPEP_0114927116	algae_Karenia_brevis_2
Karlodinium_veneficum-syn-Karlodinium_micrum_CCMP2283_CAMPEP_0169076352	algae_Karlodinium_micrum_1
Karlodinium_veneficum-syn-Karlodinium_micrum_CCMP2283_CAMPEP_0169102736	algae_Karlodinium_micrum_2
Leptocylindrus_danicus_var._apora_B651_CAMPEP_0116064808	algae_Leptocylindrus_danicus_var._apora_2
Leptocylindrus_danicus_var._apora_B651_CAMPEP_0116072532	algae_Leptocylindrus_danicus_var._apora_1
Leptocylindrus_danicus_var._danicus_B650_CAMPEP_0116022856	algae_Leptocylindrus_danicus_var._danicus_2
Leptocylindrus_danicus_var._danicus_B650_CAMPEP_0116038150	algae_Leptocylindrus_danicus_var._danicus_1
Leptolyngbya_boryana_PCC_6306_WP_017290625	cyanobacteria_Leptolyngbya_boryana
Leptolyngbya_sp._Heron_Island_J_WP_023074674.1	cyanobacteria_Leptolyngbya_sp._Heron_Island_J
Leptolyngbya_sp._PCC_7375_WP_006518423.1	cyanobacteria_Leptolyngbya_sp._PCC_7375
Limnoraphis_robusta_CS-951_KKD38224.1	cyanobacteria_Limnoraphis_robusta_CS-951
Lingulodinium_polyedrum-Lingulodinium_polyedra_CCMP_1738_CAMPEP_0117998516	algae_Lingulodinium_polyedra_1
Lingulodinium_polyedrum-Lingulodinium_polyedra_CCMP_1738_CAMPEP_0118280466	algae_Lingulodinium_polyedra_3
Lingulodinium_polyedrum-Lingulodinium_polyedra_CCMP_1738_CAMPEP_0118389886	algae_Lingulodinium_polyedra_2
Loktanella_vestfoldensis_DSM_16212_WP_026352701	proteobacteria_Loktanella_vestfoldensis
Lotharella_globosa_CCCM811_CAMPEP_0167772432	algae_Lotharella_globosa_1
Lotharella_globosa_CCCM811_CAMPEP_0167812676	algae_Lotharella_globosa_2
Lotharella_globosa_CCCM811_CAMPEP_0167816630	algae_Lotharella_globosa_3
Lyngbya_aestuarii_WP_023068279.1	cyanobacteria_Lyngbya_aestuarii
Lyngbya_confervoides_BDU141951_KIF41241.1	cyanobacteria_Lyngbya_confervoides_BDU141951
Lyngbya_sp._PCC_8106_EAW38261.1	cyanobacteria_Lyngbya_sp._PCC_8106
Mallomonas_sp._CCMP3275_CAMPEP_0182418372	algae_Mallomonas_sp._CCMP3275_3
Mallomonas_sp._CCMP3275_CAMPEP_0182423230	algae_Mallomonas_sp._CCMP3275_1
Mallomonas_sp._CCMP3275_CAMPEP_0182436004	algae_Mallomonas_sp._CCMP3275_2
Malus_domestica_XP_008366738.1	plant_Malus_domestica
Marchantia_paleacea_O80333	plant_Marchantia_paleacea
Marchantia_polymorpha_BAP05437.1	plant_Marchantia_polymorpha
Mastigocladopsis_repens_PCC_10914_WP_017315025.1	cyanobacteria_Mastigocladopsis_repens_PCC_10914
Mastigocladus_laminosus_UU774_KIY13402.1	cyanobacteria_Mastigocladus_laminosus_UU774
Medicago_truncatula_KEH38771.1	plant_Medicago_truncatula
Metagenomic-POR_JCVI_readid_1095522100565	proteobacteria_Metagenomic-POR
Microchaete_sp._PCC_7126_WP_017651966.1	cyanobacteria_Microchaete_sp._PCC_7126
Microcoleus_sp._PCC_7113_WP_015182835.1	cyanobacteria_Microcoleus_sp._PCC_7113
Microcoleus_vaginatus_FGP-2_WP_006633947.1	cyanobacteria_Microcoleus_vaginatus_FGP-2
Microcystis_aeruginosa_WP_002746477.1	cyanobacteria_Microcystis_aeruginosa
Microcystis_sp._T1-4_WP_008202560.1	cyanobacteria_Microcystis_sp._T1-4
Microlunatus_phosphovorus-SDR_NM1_WP_013863329	actinobacteria_Microlunatus_phosphovorus-SDR
Micromonas_pusilla_CCMP1545_EEH57725.1	algae_Micromonas_pusilla_CCMP1545
Micromonas_pusilla_RCC2306_CAMPEP_0119224620	algae_Micromonas_pusilla_RCC2306
Micromonas_sp._CCMP2099_CAMPEP_0117647332	algae_Micromonas_sp._CCMP2099
Monoraphidium_neglectum_KIZ07832.1	algae_Monoraphidium_neglectum
Moorea_producens_3L_WP_008188115.1	cyanobacteria_Moorea_producens_3L
Morus_notabilis_XP_010099010.1	plant_Morus_notabilis_2
Morus_notabilis_XP_010099576.1	plant_Morus_notabilis_1
Musa_acuminata_AAW62234.1	plant_Musa_acuminata__
Musa_acuminata_subsp._malaccensis_XP_009382124.1	plant_Musa_acuminata_subsp._malaccensis_1
Musa_acuminata_subsp._malaccensis_XP_009392250.1	plant_Musa_acuminata_subsp._malaccensis_2
Mycobacterium_rhodesiae_NBB3-SDR_NBB3_WP_014213013	actinobacteria_Mycobacterium_rhodesiae-SDR
Myxosarcina_sp._GI1_WP_036479850.1	cyanobacteria_Myxosarcina_sp._GI1
Nannochloropsis_gaditana_CCMP526_XP_005853690.1	algae_Nannochloropsis_gaditana_CCMP526
Nelumbo_nucifera_XP_010242003.1	plant_Nelumbo_nucifera_2
Nelumbo_nucifera_XP_010245313.1	plant_Nelumbo_nucifera_1
Neosynechococcus_sphagnicola_WP_036535919.1	cyanobacteria_Neosynechococcus_sphagnicola
Nicotiana_sylvestris_XP_009793616.1	plant_Nicotiana_sylvestris_2
Nicotiana_sylvestris_XP_009797445.1	plant_Nicotiana_sylvestris_1
Nicotiana_tabacum-PORA_BAB93003	plant_Nicotiana_tabacum-PORA
Nicotiana_tabacum-PORB_BAB93004	plant_Nicotiana_tabacum-PORB
Nicotiana_tomentosiformis_XP_009601330.1	plant_Nicotiana_tomentosiformis_2
Nicotiana_tomentosiformis_XP_009626598.1	plant_Nicotiana_tomentosiformis_1
Nitzschia_closterium-Nitzschia_sp._CAMPEP_0113468180	algae_Nitzschia_sp._RCC80_1
Nitzschia_closterium-Nitzschia_sp._CAMPEP_0113510400	algae_Nitzschia_sp._RCC80_2
Nodosilinea_nodulosa_PCC_7104_WP_017296972.1	cyanobacteria_Nodosilinea_nodulosa
Nodularia_spumigena_WP_006197873.1	cyanobacteria_Nodularia_spumigena
Nostoc_punctiforme_PCC_73102_WP_012409292	cyanobacteria_Nostoc_punctiforme
Nostoc_sp._PCC_7107_WP_015111994.1	cyanobacteria_Nostoc_sp._PCC_7107
Nostoc_sp._PCC_7120_WP_010995911	cyanobacteria_Nostoc_sp._PCC_7120
Ochromonas_sp._CCMP1393_CAMPEP_0174957604	algae_Ochromonas_sp._BG-1
Ochromonas_sp._CCMP1393_CAMPEP_0175016496	algae_Ochromonas_sp._CCMP1393_1
Ochromonas_sp._CCMP1899_CAMPEP_0119040424	algae_Ochromonas_sp._CCMP1393_2
Ochromonas_sp._BG-1_CAMPEP_0173135610	algae_Ochromonas_sp._CCMP1899
Odontella_aurita_CAMPEP_0113532480	algae_Odontella_aurita_1
Odontella_aurita_CAMPEP_0113548254	algae_Odontella_aurita_2
Oryza_brachyantha_XP_006653032.1	plant_Oryza_brachyantha_2
Oryza_brachyantha_XP_006661905.1	plant_Oryza_brachyantha_1
Oryza_sativa_Indica_Group_EAY96061.1	plant_Oryza_sativa_Indica_Group
Oryza_sativa_Japonica_Group-PORA_Q7XKF3.1	plant_Oryza_sativa_Japonica_Group-PORA
Oryza_sativa_Japonica_Group-PORB_AAL58280	plant_Oryza_sativa_Japonica_Group-PORB
Oscillatoria_acuminata_WP_044197897.1	cyanobacteria_Oscillatoria_acuminata
Oscillatoria_nigro-viridis_PCC_7112_WP_015178953.1	cyanobacteria_Oscillatoria_nigro-viridis
Oscillatoria_sp._PCC_10802_WP_017718367.1	cyanobacteria_Oscillatoria_sp._PCC_10802
Oscillatoriales_cyanobacterium_JSC-12_WP_036616920.1	cyanobacteria_Oscillatoriales_cyanobacterium_JSC-12
Ostreococcus_lucimarinus_CCE9901_XP_001418894.1	algae_Ostreococcus_lucimarinus_CCE9901
Ostreococcus_tauri_CAL54437.1	algae_Ostreococcus_tauri
Paulinella_chromatophora_YP_002049520.1	algae_Paulinella_chromatophora
Pavlova_gyrans_CCMP608_CAMPEP_0206047490	algae_Pavlova_gyrans
Pavlova_lutheri_RCC1537_CAMPEP_0205968056	algae_Pavlova_lutheri_1
Pavlova_lutheri_RCC1537_CAMPEP_0205975430	algae_Pavlova_lutheri_2
Pavlova_sp._CCMP459_CAMPEP_0185186924	algae_Pavlova_sp._CCMP459_1
Pavlova_sp._CCMP459_CAMPEP_0185191794	algae_Pavlova_sp._CCMP459_2
Pelagococcus_subviridis_CCMP1429_CAMPEP_0195673166	algae_Pelagococcus_subviridis_1
Pelagococcus_subviridis_CCMP1429_CAMPEP_0195706462	algae_Pelagococcus_subviridis_2
Pelagomonas_calceolata_RCC969_CAMPEP_0119233572	algae_Pelagomonas_calceolata_1
Pelagomonas_calceolata_RCC969_CAMPEP_0119234810	algae_Pelagomonas_calceolata_2
Phaeocystis_antarctica_CCMP1374_CAMPEP_0198172556	algae_Phaeocystis_antarctica_3
Phaeocystis_antarctica_CCMP1374_CAMPEP_0198172708	algae_Phaeocystis_antarctica_2
Phaeocystis_antarctica_CCMP1374_CAMPEP_0198174246	algae_Phaeocystis_antarctica_1
Phaeocystis_sp._CCMP2710_CAMPEP_0118813058	algae_Phaeocystis_sp._CCMP2710_2
Phaeocystis_sp._CCMP2710_CAMPEP_0118818280	algae_Phaeocystis_sp._CCMP2710_1
Phaeodactylum_tricornutum_CCAP_1055	algae_Phaeodactylum_tricornutum_2
Phaeodactylum_tricornutum_CCAP_1055_XP_002179689.1	algae_Phaeodactylum_tricornutum_1
Phaeomonas_parva_CCMP2877_CAMPEP_0118859220	algae_Phaeomonas_parva
Phaseolus_vulgaris_AGV54253.1	plant_Phaseolus_vulgaris
Phoenix_dactylifera_XP_008809390.1	plant_Phoenix_dactylifera
Physcomitrella_patens_subsp._patens_BAC87879	plant_Physcomitrella_patens_subsp._patens
Picea_sitchensis_ABR17723.1	plant_Picea_sitchensis
Picochlorum_oklahomense-Picochlorum_oklahomensis_CCMP2329_CAMPEP_0118805738	algae_Picochlorum_oklahomensis
Picocystis_salinarum_CAMPEP_0113925988	algae_Picocystis_salinarum
Pinguiococcus_pyrenoidosus_AJA04987.1	algae_Pinguiococcus_pyrenoidosus_CCMP1144
Pinguiococcus_pyrenoidosus_CCMP2078_CAMPEP_0197384796	algae_Pinguiococcus_pyrenoidosus_CCMP2078
Pinus_mugo_AAC60560	plant_Pinus_mugo
Pisum_sativum_Q01289	plant_Pisum_sativum
Planktothrix_agardhii_NIVA-CYA_126	cyanobacteria_Planktothrix_agardhii_NIVA-CYA_126
Pleurocapsa_minor_WP_015143670.1	cyanobacteria_Pleurocapsa_minor
Pleurocapsa_sp._PCC_7319_WP_019505447.1	cyanobacteria_Pleurocapsa_sp._PCC_7319
Pleurochrysis_carterae_CCMP645_CAMPEP_0169941166	algae_Pleurochrysis_carterae_1
Pleurochrysis_carterae_CCMP645_CAMPEP_0169949400	algae_Pleurochrysis_carterae_2
Populus_euphratica_XP_011013675.1	plant_Populus_euphratica_2
Populus_euphratica_XP_011015404.1	plant_Populus_euphratica_1
Populus_trichocarpa_XP_002317511.1	plant_Populus_trichocarpa_2
Populus_trichocarpa_XP_002319908.1	plant_Populus_trichocarpa_1
Porphyridium_purpureum_contig2039.8	algae_Porphyridium_purpureum
Prasinoderma_singularis_RCC927_CAMPEP_0119167294	algae_Prasinoderma_singularis
Prochlorococcus_marinus_str._NATL1A_WP_011823416	cyanobacteria_Prochlorococcus_marinus_str._NATL1A
Prochlorococcus_marinus_str._NATL2A_WP_011293608	cyanobacteria_Prochlorococcus_marinus_str._NATL2A
Prochlorococcus_marinus_subsp._marinus_str._CCMP1375_NP_875183	cyanobacteria_Prochlorococcus_marinus_subsp._marinus_str._CCMP1375
Prochlorothrix_hollandica_PCC_9006_WP_017712458.1	cyanobacteria_Prochlorothrix_hollandica
Proteomonas_sulcata_CCMP704_CAMPEP_0184291588	algae_Proteomonas_sulcata
Protoceratium_reticulatum_CCCM_535___CCMP_1889__CAMPEP_0168370556	algae_Protoceratium_reticulatum_3
Protoceratium_reticulatum_CCCM_535___CCMP_1889__CAMPEP_0168391606	algae_Protoceratium_reticulatum_1
Protoceratium_reticulatum_CCCM_535___CCMP_1889__CAMPEP_0168415306	algae_Protoceratium_reticulatum_2
Prunus_mume_XP_008226663.1	plant_Prunus_mume
Prunus_persica_XP_007212349.1	plant_Prunus_persica
Prymnesium_parvum_Texoma1_CAMPEP_0195577028	algae_Prymnesium_parvum_2
Prymnesium_parvum_Texoma1_CAMPEP_0195613412	algae_Prymnesium_parvum_1
Pseudanabaena_biceps_PCC_7429_WP_009626070.1	cyanobacteria_Pseudanabaena_biceps
Pseudanabaena_sp._PCC_6802_WP_026103459.1	cyanobacteria_Pseudanabaena_sp._PCC_6802
Pseudanabaena_sp._PCC_7367_WP_015146290.1	cyanobacteria_Pseudanabaena_sp._PCC_7367
Pseudo-nitzschia_arenysensis_B593_CAMPEP_0116131242	algae_Pseudo-nitzschia_arenysensis_2
Pseudo-nitzschia_arenysensis_B593_CAMPEP_0116131432	algae_Pseudo-nitzschia_arenysensis_1
Pseudo-nitzschia_delicatissima_B596_CAMPEP_0116091910	algae_Pseudo-nitzschia_australis_1
Pseudo-nitzschia_delicatissima_B596_CAMPEP_0116102942	algae_Pseudo-nitzschia_australis_2
Pseudo-nitzschia_multiseries_jgi_233711	algae_Pseudo-nitzschia_delicatissima_2
Pseudo-nitzschia_multiseries_jgi_248228	algae_Pseudo-nitzschia_delicatissima_1
Pseudo-nitzschia_australis_10249_10_AB_CAMPEP_0168166990	algae_Pseudo-nitzschia_multiseries_1
Pseudo-nitzschia_australis_10249_10_AB_CAMPEP_0168191416	algae_Pseudo-nitzschia_multiseries_2
Pseudopedinella_elastica_CCMP716_CAMPEP_0172586810	algae_Pseudopedinella_elastica_2
Pseudopedinella_elastica_CCMP716_CAMPEP_0172616022	algae_Pseudopedinella_elastica_1
Pycnococcus_provasolii_RCC2336_CAMPEP_0119191390	algae_Pycnococcus_provasolii
Pyramimonas_obovata_CCMP722_CAMPEP_0118928842	algae_Pyramimonas_obovata
Pyramimonas_parkeae_CCMP726_CAMPEP_0114297606	algae_Pyramimonas_parkeae
Pyrus_x_bretschneideri_XP_009378484.1	plant_Pyrus_x_bretschneideri
Raphidiopsis_brookii_D9_EFA72926.1	cyanobacteria_Raphidiopsis_brookii_D9
Rhizochromulina_cf._marina_CCMP1243_CAMPEP_0118974248	algae_Rhizochromulina_cf._marina
Rhodomonas_abbreviata_Caron_Lab_Isolate_CAMPEP_0181311902	algae_Rhodomonas_abbreviata_1
Rhodomonas_abbreviata_Caron_Lab_Isolate_CAMPEP_0181315520	algae_Rhodomonas_abbreviata_2
Rhodomonas_lens_RHODO_CAMPEP_0177708626	algae_Rhodomonas_lens_2
Rhodomonas_lens_RHODO_CAMPEP_0177715968	algae_Rhodomonas_lens_1
Rhodomonas_salina_CCMP1319_CAMPEP_0172101514	algae_Rhodomonas_salina
Rhodomonas_sp._CCMP768_CAMPEP_0196725642	algae_Rhodomonas_sp._CCMP768
Rhodosorus_marinus_CAMPEP_0113959164	algae_Rhodosorus_marinus
Richelia_intracellularis_WP_044260940.1	cyanobacteria_Richelia_intracellularis
Ricinus_communis_XP_002517948.1	plant_Ricinus_communis_1
Ricinus_communis_XP_002534245.1	plant_Ricinus_communis_2
Rivularia_sp._PCC_7116_WP_015121490.1	cyanobacteria_Rivularia_sp._PCC_7116
Rubidibacter_lacunae_KORDI_51-2_WP_022609041.1	cyanobacteria_Rubidibacter_lacunae
Saccharopolyspora_erythraea_D_WP_009950166	actinobacteria_Saccharopolyspora_erythraea
Sandarakinorhabdus_limnophila_DSM_17366_WP_022680993	proteobacteria_Sandarakinorhabdus_limnophila
Sarcinochrysis_sp._CCMP770_CAMPEP_0197413596	algae_Sarcinochrysis_sp._CCMP770
Scrippsiella_trochoidea_CCMP3099_CAMPEP_0115245234	algae_Scrippsiella_trochoidea
Scyphosphaera_apsteinii_RCC1455_CAMPEP_0119300480	algae_Scyphosphaera_apsteinii_3
Scyphosphaera_apsteinii_RCC1455_CAMPEP_0119301148	algae_Scyphosphaera_apsteinii_2
Scyphosphaera_apsteinii_RCC1455_CAMPEP_0119326648	algae_Scyphosphaera_apsteinii_1
Scytonema_hofmanni_PCC_7110_WP_017746246.1	cyanobacteria_Scytonema_hofmanni
Scytonema_millei_VB511283_WP_039713951.1	cyanobacteria_Scytonema_millei
Scytonema_tolypothrichoides_VB-61278_WP_048869787.1	cyanobacteria_Scytonema_tolypothrichoides
Selaginella_moellendorffii_XP_002964455.1	plant_Selaginella_moellendorffii
Sesamum_indicum_XP_011085352.1	plant_Sesamum_indicum_1
Sesamum_indicum_XP_011095237.1	plant_Sesamum_indicum_2
Setaria_italica_XP_004960061.1	plant_Setaria_italica
Skeletonema_costatum_1716_CAMPEP_0113379692	algae_Skeletonema_costatum_1
Skeletonema_costatum_1716_CAMPEP_0113408532	algae_Skeletonema_costatum_2
Skeletonema_marinoi_SM1012Hels-07_CAMPEP_0115905912	algae_Skeletonema_marinoi_2
Skeletonema_marinoi_SM1012Hels-07_CAMPEP_0115920738	algae_Skeletonema_marinoi_1
Solanum_lycopersicum_AAF82475.1	plant_Solanum_lycopersicum
Solanum_tuberosum_XP_006357495.1	plant_Solanum_tuberosum_1
Solanum_tuberosum_XP_006362949.1	plant_Solanum_tuberosum_2
Sorghum_bicolor_XP_002447328.1	plant_Sorghum_bicolor_2
Sorghum_bicolor_XP_002467010.1	plant_Sorghum_bicolor_1
Spirulina_subsalsa_WP_017302851.1	cyanobacteria_Spirulina_subsalsa
Stanieria_cyanosphaera_WP_015194911.1	cyanobacteria_Stanieria_cyanosphaera
Stauroneis_constricta_CCMP1120_CAMPEP_0119546770	algae_Stauroneis_constricta
Striatella_unipunctata_CCMP2910_CAMPEP_0118691528	algae_Striatella_unipunctata_1
Striatella_unipunctata_CCMP2910_CAMPEP_0118698608	algae_Striatella_unipunctata_2
Sulfitobacter_guttiformis_KCTC_32187_WP_025063112	proteobacteria_Sulfitobacter_guttiformis
Symbiodinium_sp._Mp_CAMPEP_0169653028	algae_Symbiodinium_sp._Mp_2
Symbiodinium_sp._Mp_CAMPEP_0169657040	algae_Symbiodinium_sp._Mp_3
Symbiodinium_sp._Mp_CAMPEP_0169790016	algae_Symbiodinium_sp._Mp_1
Synechococcus_sp._CC9311_WP_011619093	cyanobacteria_Synechococcus_sp._CC9311
Synechococcus_elongatus_WP_011243913.1	cyanobacteria_Synechococcus_elongatus_PCC_6301
Synechococcus_elongatus_PCC_7942_AAL03934	cyanobacteria_Synechococcus_elongatus_PCC_7942
Synechococcus_sp._CC9902_WP_011360007	cyanobacteria_Synechococcus_sp._CC9902
Synechococcus_sp._WH_7803_WP_011932776	cyanobacteria_Synechococcus_sp._WH_7803
Synechococcus_sp._WH_8102_WP_011127994	cyanobacteria_Synechococcus_sp._WH_8102
uncultured_marine_type-A_Synechococcus_4O4_ABB92191.1	cyanobacteria_uncultured_marine_type-A_Synechococcus_4O4
uncultured_marine_type-A_Synechococcus_5B2_ABB92237.1	cyanobacteria_uncultured_marine_type-A_Synechococcus_5B2
Synechocystis_sp._PCC_6803_AAA68281	cyanobacteria_Synechocystis_sp._PCC_6803
Synechocystis_sp._PCC_7509_WP_009631725.1	cyanobacteria_Synechocystis_sp._PCC_7509
Synedropsis_cf._recta_CCMP1620_CAMPEP_0119005626	algae_Synedropsis_cf._recta_1
Synedropsis_cf._recta_CCMP1620_CAMPEP_0119006338	algae_Synedropsis_cf._recta_2
Tarenaya_hassleriana_XP_010520908.1	plant_Tarenaya_hassleriana_2
Tarenaya_hassleriana_XP_010522628.1	plant_Tarenaya_hassleriana_1
Tetraselmis_astigmatica_CCMP880_CAMPEP_0117670086	algae_Tetraselmis_astigmatica
Thalassiosira_pseudonana_CCMP1335_XP_002286918.1	algae_Thalassiosira_pseudonana_2
Thalassiosira_pseudonana_CCMP1335_XP_002290537.1	algae_Thalassiosira_pseudonana_1
Theobroma_cacao_XP_007021342.1	plant_Theobroma_cacao_2
Theobroma_cacao_XP_007043552.1	plant_Theobroma_cacao_1
Thermosynechococcus_elongatus_BP1_NP681365	cyanobacteria_Thermosynechococcus_elongatus_BP-1
Thermosynechococcus_sp._NK55a_WP_041429327.1	cyanobacteria_Thermosynechococcus_sp._NK55a
Tolypothrix_bouteillei_VB521301_KIE06771.1	cyanobacteria_Tolypothrix_bouteillei_VB521301
Tolypothrix_campylonemoides_VB511288_WP_041035651.1	cyanobacteria_Tolypothrix_campylonemoides
Tribonema_sp._UWCC-FW-135_AJA04990.1	algae_Tribonema_sp._UWCC-FW-135
Trichodesmium_erythraeum_WP_011610007.1	cyanobacteria_Trichodesmium_erythraeum
Trichormus_azollae_WP_013189836.1	cyanobacteria_Trichormus_azollae
Triticum_aestivum-PORA_Q41578	plant_Triticum_aestivum-PORA
Triticum_urartu_EMS55960.1	plant_Triticum_urartu
Unidentified_sp._RCC1024_CAMPEP_0119262048	algae_Unidentified_sp._RCC1024_2
Unidentified_sp._RCC1024_CAMPEP_0119272624	algae_Unidentified_sp._RCC1024_1
Unidentified_sp._RCC2339_CAMPEP_0119131272	algae_Unidentified_sp._RCC2339
Unidentified_sp._CCMP2000_CAMPEP_0119056670	algae_Unidentified_sp._CCMP2000_2
Unidentified_sp._CCMP2000_CAMPEP_0119060368	algae_Unidentified_sp._CCMP2000_3
Unidentified_sp._CCMP2000_CAMPEP_0119099648	algae_Unidentified_sp._CCMP2000_1
Vigna_radiata_AAF89208	plant_Vigna_radiata
Vitis_vinifera_XP_002264042.1	plant_Vitis_vinifera_1
Vitis_vinifera_XP_002284769.2	plant_Vitis_vinifera_2
Volvox_carteri_f._nagariensis_EFJ48479.1	algae_Volvox_carteri_f._nagariensis
Xenococcus_sp._PCC_7305_WP_006508781.1	cyanobacteria_Xenococcus_sp._PCC_7305
Zea_mays_NP_001167680.1	plant_Zea_mays-PORB
Zea_mays_NP_001167683.1	plant_Zea_mays-PORA
